trial,geometric_time_s,geometric_error,jacobian_time_s,jacobian_error,jacobian_iterations
0,8.676099969306961e-05,0.0,0.0012902400048915297,1.8730416433853846e-07,7
1,1.3581004168372601e-05,0.0,0.0008836850029183552,5.1967038595375985e-05,7
2,8.811999578028917e-06,9.155133597044475e-16,0.0006061159947421402,1.5651952184769945e-05,5
3,7.276001269929111e-06,9.930136612989092e-16,0.0007005070001468994,3.131489582421999e-07,5
4,7.716000254731625e-06,8.881784197001252e-16,0.0006865989998914301,6.115525672545243e-05,6
5,0.00011263500346103683,7.578194486160124,0.0011517359962454066,2.786920726946523e-06,11
6,8.233000698965043e-06,4.440892098500626e-16,0.0008121889986796305,1.3731381408751576e-05,8
7,7.151997124310583e-06,4.440892098500626e-16,0.0009657019982114434,2.325907740476311e-06,8
8,6.626003596466035e-06,0.0,0.0007607279985677451,4.5906341159417664e-07,7
9,6.580004992429167e-06,1.6011864169946884e-15,0.0010599809975246899,1.5559299731719104e-05,10
10,6.559996108990163e-06,0.0,0.0008475819995510392,1.2411611030432293e-06,7
11,6.7400033003650606e-06,0.0,0.0008721210033399984,1.8707900615725062e-05,7
12,6.675996701233089e-06,1.2560739669470201e-15,0.0008935139994719066,2.9756170490680894e-06,8
13,6.861999281682074e-06,0.0,0.0007210420008050278,3.337980806943462e-07,7
14,6.7069995566271245e-06,2.220446049250313e-16,0.013905236999562476,1.9605045518865853,150
15,6.38599885860458e-06,9.930136612989092e-16,0.0008374940007342957,3.335247581813456e-05,7
16,6.0589954955503345e-06,1.1102230246251565e-16,0.013652845002070535,0.2947463670614901,150
17,6.40399957774207e-06,0.0,0.0006314199999906123,6.176001460870242e-05,6
18,6.833004590589553e-06,8.881784197001252e-16,0.001817187003325671,9.472660631134308e-05,18
19,6.99600059306249e-06,0.0,0.0009341600016341545,2.9714539244155717e-06,8
20,6.54099858365953e-06,1.2560739669470201e-15,0.0008265030046459287,1.028545856631526e-06,8
21,6.265996489673853e-06,1.4043333874306805e-15,0.000751571002183482,4.5160415024469777e-07,7
22,6.102003681007773e-06,4.440892098500626e-16,0.0006836050015408546,4.007302893015404e-07,7
23,6.203001248650253e-06,1.4043333874306805e-15,0.0005434729973785579,9.741032983862024e-06,6
24,5.707996024284512e-06,1.6011864169946884e-15,0.01384313099697465,1.507650511450982,150
25,6.30500289844349e-06,8.881784197001252e-16,0.0006795399967813864,8.791281581980495e-05,7
26,7.057999027892947e-06,2.220446049250313e-16,0.0005909199971938506,1.1337526970157466e-06,6
27,5.918998795095831e-06,9.930136612989092e-16,0.0007947240010253154,4.876419041846259e-07,8
28,6.315000064205378e-06,1.1102230246251565e-15,0.00039615599962417036,4.659688903010277e-06,4
29,5.857000360265374e-06,9.930136612989092e-16,0.0007597239964525215,5.751624293876866e-06,8
30,6.1350001487880945e-06,1.9860273225978185e-15,0.0005487430025823414,3.6359983806117997e-06,6
31,6.10799907008186e-06,9.930136612989092e-16,0.013703925003937911,1.5595422315099237,150
32,6.612994184251875e-06,1.5543122344752192e-15,0.00042218300222884864,2.630632131336447e-05,4
33,6.144000508356839e-06,9.930136612989092e-16,0.0007364970006165095,5.337261599398331e-07,7
34,6.3019979279488325e-06,0.0,0.002164841993362643,9.441918293309407e-05,23
35,5.9829981182701886e-06,4.440892098500626e-16,0.00382338700001128,9.849611862856522e-05,40
36,6.984900392126292e-05,8.164851185028118,0.0011925900034839287,8.107693461305222e-06,10
37,6.656002369709313e-06,8.881784197001252e-16,0.0005471559998113662,1.588590480566438e-05,6
38,5.750000127591193e-06,2.3914935841127266e-15,0.0007989510049810633,2.9605883087339963e-05,8
39,6.074995326343924e-06,4.440892098500626e-16,0.00044336299470160156,3.0046743146187203e-06,4
40,5.770001735072583e-06,4.440892098500626e-16,0.0008405830012634397,9.446827538212227e-05,9
41,5.565001629292965e-06,0.0,0.0010471100031281821,2.818692912403607e-05,9
42,5.686000804416835e-06,1.2560739669470201e-15,0.002845511000487022,9.867707836170236e-05,26
43,5.665002390742302e-06,8.881784197001252e-16,0.0006231590014067478,2.08292434130566e-06,5
44,5.476998921949416e-06,0.0,0.0005330060012056492,5.446902466533337e-07,5
45,5.53599966224283e-06,1.2560739669470201e-15,0.0005472030024975538,1.0139524040360897e-05,6
46,5.532994691748172e-06,1.3322676295501878e-15,0.0004534499967121519,1.1018747756099282e-06,4
47,5.734000296797603e-06,9.930136612989092e-16,0.0006276349959080108,5.0073534107812895e-06,7
48,6.198999471962452e-06,1.9860273225978185e-15,0.0004534250037977472,1.8755423219291232e-05,4
49,5.631001840811223e-06,1.6011864169946884e-15,0.0006884840040584095,6.801783115866202e-06,7
50,5.660003807861358e-06,4.440892098500626e-16,0.000637801997072529,4.641024817146614e-05,6
51,5.704001523554325e-06,1.2560739669470201e-15,0.0008273029961856082,7.419815029520467e-07,7
52,5.325004167389125e-06,9.930136612989092e-16,0.0005885380014660768,2.459856591850292e-06,5
53,5.408997822087258e-06,0.0,0.0007339910007431172,3.621581693842288e-07,6
54,5.350004357751459e-06,8.881784197001252e-16,0.0022472030032076873,9.529608809183425e-05,23
55,5.540001438930631e-06,9.930136612989092e-16,0.0007931540021672845,1.2315490119223024e-06,8
56,5.4679985623806715e-06,1.4217791915866692e-15,0.00030816900107311085,1.1624274116200827e-05,3
57,0.00015920800069579855,12.266925845447625,0.0009600870034773834,2.592417186319262e-06,10
58,6.466999911936e-05,12.18416556649972,0.0008443500046269037,3.0929145621800745e-05,9
59,6.9839952629990876e-06,2.220446049250313e-16,0.0008218829971156083,2.1910873275434893e-06,7
60,2.4619002942927182e-05,8.881784197001252e-16,0.000464459000795614,5.191556206983004e-05,4
61,6.556998414453119e-06,0.0,0.0007883200014475733,7.362304068839329e-07,7
62,6.205998943187296e-06,2.220446049250313e-16,0.0007128209981601685,5.3886733528243347e-05,6
63,6.132999260444194e-06,1.831026719408895e-15,0.0017517119995318353,9.230912107391267e-05,16
64,5.859998054802418e-06,1.2560739669470201e-15,0.0006617300023208372,3.182912439109043e-06,7
65,0.00011245599307585508,14.437029757655369,0.000993906993244309,7.900129060782593e-05,10
66,7.3880000854842365e-06,1.7763568394002505e-15,0.0007539500002167188,2.1521442996759995e-05,7
67,6.005000614095479e-06,4.440892098500626e-16,0.01463572899956489,3.997758936321706,150
68,5.983994924463332e-06,0.0,0.0008805839970591478,2.931874085327471e-07,8
69,5.4390038712881505e-06,4.440892098500626e-16,0.01393061699491227,2.615205202689064,150
70,5.900998075958341e-06,0.0,0.0005605700062005781,1.456923322738795e-06,4
71,5.47999661648646e-06,0.0,0.014026463999471162,4.182143583267261,150
72,9.785899601411074e-05,15.207521330252174,0.0010336010018363595,1.7243744993065917e-06,11
73,6.640999345108867e-06,2.808666774861361e-15,0.0006752219996997155,1.719425612934437e-05,6
74,6.189002306200564e-06,9.930136612989092e-16,0.0005848849978065118,3.351506213946463e-07,6
75,5.99599297856912e-06,1.6011864169946884e-15,0.0006961569961276837,2.1615046719234126e-07,7
76,5.508001777343452e-06,0.0,0.013958154995634686,2.7842918058693784,150
77,6.1019964050501585e-06,0.0,0.0008172590023605153,7.230966099997615e-05,7
78,5.7729994296096265e-06,1.2560739669470201e-15,0.000568828996620141,2.25140467045053e-06,5
79,5.572001100517809e-06,0.0,0.0009351820044685155,1.027152883588735e-06,9
80,6.309300079010427e-05,6.045987616618857,0.0009684329997980967,5.666743855070559e-05,9
81,6.495996785815805e-06,2.808666774861361e-15,0.0012011279977741651,4.570284417287221e-06,9
82,6.227994163054973e-06,0.0,0.0006005739996908233,9.352005734319718e-07,6
83,2.9407994588837028e-05,1.2560739669470201e-15,0.0005859969969606027,2.6210303028973827e-06,5
84,5.999994755256921e-06,1.2560739669470201e-15,0.01368771999841556,2.9558185549846128,150
85,2.0842002413701266e-05,8.881784197001252e-16,0.0005580809956882149,2.4239157864968103e-06,6
86,5.648995283991098e-06,0.0,0.0008376559999305755,1.5408027134635573e-07,8
87,5.412999598775059e-06,0.0,0.013214084996434394,1.126476793045597,150
88,5.292000423651189e-06,9.930136612989092e-16,0.013216261999332346,1.8770901529824138,150
89,5.95299934502691e-06,0.0,0.0008258029993157834,2.1645848954532964e-06,6
90,5.551999493036419e-06,4.440892098500626e-16,0.00038420500641223043,4.2639591473422956e-05,4
91,2.3264998162630945e-05,1.7763568394002505e-15,0.0005909839965170249,9.143610297985224e-05,6
92,5.788999260403216e-06,0.0,0.01316571200004546,4.826367201431749,150
93,5.740999768022448e-06,6.661338147750939e-16,0.014092687997617759,3.852874695364747,150
94,2.3581000277772546e-05,2.220446049250313e-16,0.013367583997023758,2.7634724025716317,150
95,2.088300243485719e-05,0.0,0.000682331999996677,6.545433400109253e-06,6
96,5.676003638654947e-06,2.220446049250313e-15,0.001148695002484601,4.916047318505394e-05,10
97,6.293199840001762e-05,5.8840682013001535,0.0009735659987200052,1.4356237424596359e-06,10
98,6.255999323911965e-06,9.930136612989092e-16,0.0007242339997901581,1.5757355788167554e-06,7
99,5.9710000641644e-06,0.0,0.0006847800032119267,1.0517292164967544e-05,7
100,6.223999662324786e-06,4.440892098500626e-16,0.001238120996276848,7.668356110641923e-05,14
101,3.5671997466124594e-05,2.220446049250313e-16,0.0007183929992606863,5.040258038746015e-05,7
102,6.07199763180688e-06,0.0,0.0008656150021124631,2.437482454332871e-06,9
103,6.160000339150429e-06,0.0,0.0005925570003455505,1.7126075566286916e-06,5
104,5.616006092168391e-06,1.6011864169946884e-15,0.0004096589982509613,8.661558954265543e-05,3
105,5.424000846687704e-06,2.220446049250313e-16,0.0007779670049785636,1.268227997630964e-07,8
106,5.75599551666528e-06,0.0,0.0008518700051354244,1.3157868737238527e-07,9
107,5.813002644572407e-06,6.280369834735101e-16,0.000726794998627156,6.549002324052101e-05,7
108,2.3324995709117502e-05,4.440892098500626e-16,0.0005225480053923093,7.972516232474077e-06,5
109,2.0830993889831007e-05,8.881784197001252e-16,0.0009873390008579008,3.742235744926157e-05,11
110,5.531997885555029e-06,1.2560739669470201e-15,0.0006041629967512563,4.349148066961524e-05,6
111,5.723995855078101e-06,0.0,0.00046318199747474864,2.0580332156587446e-06,5
112,5.210000381339341e-06,2.220446049250313e-16,0.014542391996656079,3.024745849871243,150
113,5.5249984143301845e-06,3.972054645195637e-15,0.0007203299974207766,7.94954143760885e-06,8
114,5.403999239206314e-06,1.2560739669470201e-15,0.0005497890015249141,8.63306523906724e-06,6
115,5.369998689275235e-06,0.0,0.0005976960019324906,1.5648436955738371e-06,6
116,5.547997716348618e-06,0.0,0.0010277029941789806,1.318481389485398e-05,11
117,5.343994416762143e-06,0.0,0.0007433369974023663,4.691117081969029e-06,8
118,5.367000994738191e-06,0.0,0.0007912080036476254,7.83365012268954e-06,8
119,5.2800023695454e-06,0.0,0.013714212997001596,4.972743057053299,150
120,6.274000043049455e-06,0.0,0.0007803770058671944,2.3913793502635965e-07,8
121,5.426001735031605e-06,4.440892098500626e-16,0.0010824969940586016,6.87294941260844e-05,12
122,5.984002200420946e-06,0.0,0.0007832729970687069,6.151960229741712e-07,6
123,6.174996087793261e-06,0.0,0.013393462002568413,5.056081090363826,150
124,5.31600380782038e-06,2.220446049250313e-16,0.013262300999485888,4.941406140630363,150
125,5.603003955911845e-06,4.440892098500626e-16,0.0005682769988197833,8.692414709538791e-07,5
126,5.53599966224283e-06,1.4217791915866692e-15,0.0010261119969072752,7.991263069566102e-05,10
127,5.680994945578277e-06,8.881784197001252e-16,0.0007106839984771796,2.739085336133365e-07,6
128,5.640999006573111e-06,8.881784197001252e-16,0.0006679290017927997,1.179012999679547e-05,7
129,5.6630015023984015e-06,8.881784197001252e-16,0.0004493829983402975,1.6007444089563613e-06,5
130,5.986003088764846e-06,0.0,0.0006959479942452163,6.846703058867909e-07,6
131,5.581001460086554e-06,4.440892098500626e-16,0.000678399002936203,1.230437688160648e-05,7
132,6.5743995946832e-05,14.648086640823607,0.0009364690049551427,1.3084179946478405e-05,10
133,5.986003088764846e-06,9.930136612989092e-16,0.013595768003142439,4.068056955542502,150
134,5.966998287476599e-06,6.661338147750939e-16,0.0004737700000987388,1.4458369430338606e-05,4
135,5.9589947341009974e-06,1.2560739669470201e-15,0.0007560009980807081,9.077784105881867e-07,7
136,5.5150012485682964e-06,0.0,0.0008638939980301075,3.55925372843173e-07,9
137,5.663998308591545e-06,8.881784197001252e-16,0.0005544809973798692,1.4342325275941144e-05,4
138,5.6729986681602895e-06,0.0,0.001131427998188883,9.931085248074193e-06,10
139,5.7779980124905705e-06,8.881784197001252e-16,0.0007956769986776635,1.194380267816344e-06,8
140,5.672001861967146e-06,0.0,0.0005174489997443743,6.221711972555364e-06,5
141,5.8630030252970755e-06,8.881784197001252e-16,0.0008405650005443022,3.337406873133264e-06,6
142,5.9730009525083005e-06,0.0,0.0007282250007847324,2.1013188706108824e-06,7
143,5.73100260226056e-06,9.930136612989092e-16,0.0008427560023847036,4.378447544758186e-07,8
144,5.754998710472137e-06,2.6645352591003757e-15,0.000780328999098856,1.2441731707679963e-06,8
145,6.0770034906454384e-06,4.440892098500626e-16,0.014145069995720405,1.9487128668147848,150
146,5.5199998314492404e-06,9.155133597044475e-16,0.014168301000609063,3.086995611442123,150
147,5.791000148747116e-06,8.881784197001252e-16,0.0005653889966197312,7.171539147727335e-06,5
148,6.586997187696397e-06,8.881784197001252e-16,0.0007373469998128712,9.962706316475787e-06,7
149,0.00010640700202202424,7.277283452288802,0.001005955993605312,8.660866791691671e-07,10
150,6.071000825613737e-06,9.930136612989092e-16,0.014019294001627713,4.800013251389154,150
151,6.44269966869615e-05,10.264274315727768,0.001127158997405786,2.0611685333890223e-06,11
152,6.394799856934696e-05,10.643040297706293,0.001090434001525864,1.356728870089816e-06,10
153,6.688002031296492e-06,8.881784197001252e-16,0.0007409230020130053,2.4202447100172795e-05,7
154,6.360998668242246e-06,2.8435583831733384e-15,0.0007913980007288046,9.555645237094582e-07,7
155,6.076996214687824e-06,6.280369834735101e-16,0.0006870289944345132,6.752288162539907e-07,7
156,6.009999196976423e-06,4.440892098500626e-16,0.0007416259977617301,7.658417172863775e-07,8
157,5.786001565866172e-06,4.440892098500626e-16,0.0007823310006642714,1.0275344123485695e-06,9
158,5.809000867884606e-06,1.831026719408895e-15,0.00042753800516948104,5.963988410952649e-05,4
159,5.743997462559491e-06,1.1102230246251565e-15,0.0005431549943750724,9.656678953711177e-06,6
160,6.462800229201093e-05,12.446595598878107,0.0009753280028235167,1.4234329128862831e-06,10
161,8.767994586378336e-06,0.0,0.0008422850005445071,2.7227808161788134e-05,7
162,6.900001608300954e-06,3.66205343881779e-15,0.0008643670007586479,4.122561082811691e-06,9
163,6.493006367236376e-06,1.3322676295501878e-15,0.0007170949975261465,1.098969198876292e-06,7
164,6.116002623457462e-06,2.5121479338940403e-15,0.0009981359980884008,7.01063743108939e-05,11
165,6.791000487282872e-06,4.440892098500626e-16,0.0005998300039209425,1.526856388251809e-05,6
166,6.424997991416603e-06,4.440892098500626e-16,0.0006215419998625293,2.976013104834586e-07,7
167,6.241993105504662e-06,0.0,0.0006287240030360408,2.3402980070035426e-06,6
168,6.253001629374921e-06,0.0,0.014702845001011156,1.6276453057708151,150
169,6.155001756269485e-06,1.4217791915866692e-15,0.0003932230029022321,1.5417862090998947e-06,4
170,1.835999864852056e-05,0.0,0.0010393539996584877,5.929501311206372e-05,10
171,2.3854001483414322e-05,8.881784197001252e-16,0.0007512020019930787,5.548273961915546e-06,8
172,5.9820013120770454e-06,4.440892098500626e-16,0.013664461999724153,4.758339875425322,150
173,6.2639956013299525e-06,4.440892098500626e-16,0.0006334019999485463,7.077860984207021e-06,7
174,5.838999641127884e-06,1.1102230246251565e-15,0.0007119709989638068,1.0014009079488938e-07,8
175,5.797999619971961e-06,1.9860273225978185e-15,0.0005056329973740503,4.864493275787225e-05,5
176,2.3685999622102827e-05,1.2560739669470201e-15,0.0005388589997892268,9.994103379439432e-05,6
177,5.788999260403216e-06,2.5121479338940403e-15,0.0007561749953310937,1.031526850091397e-06,8
178,5.9349986258894205e-06,0.0,0.0005886150029255077,1.1180661962055948e-05,6
179,5.984999006614089e-06,9.930136612989092e-16,0.0007523300009779632,5.083598710685487e-07,7
180,6.012000085320324e-06,0.0,0.0005475720026879571,9.544431268035868e-07,6
181,2.1025000023655593e-05,8.881784197001252e-16,0.012618011998711154,2.443166443576507,150
182,7.30640022084117e-05,13.651997656392714,0.0008944699948187917,1.7717925333197175e-06,10
183,6.9839952629990876e-06,0.0,0.0006270710000535473,2.7954836011952293e-07,7
184,6.08999835094437e-06,2.5121479338940403e-15,0.0008441210011369549,1.5238906683440511e-05,9
185,6.289999873843044e-06,1.3322676295501878e-15,0.000862082997628022,5.9339687228001755e-05,8
186,5.945999873802066e-06,0.0,0.0004382029947009869,7.302083317296588e-05,4
187,6.103000487200916e-06,4.965068306494546e-16,0.0006052960015949793,1.0132377102253333e-06,7
188,6.191003194544464e-06,0.0,0.0007425169969792478,4.3945506637540557e-07,8
189,6.42200029687956e-06,4.440892098500626e-16,0.013030531001277268,1.4215756737900422,150
190,5.505004082806408e-06,0.0,0.012858619003964122,1.5376561783899427,150
191,5.980000423733145e-06,0.0,0.0006680099977529608,2.9820446533047536e-05,7
192,5.769994459114969e-06,0.0,0.0007432790007442236,2.2961308103858733e-05,8
193,5.866000719834119e-06,9.155133597044475e-16,0.0004505379984038882,1.981170536227931e-05,5
194,5.822003004141152e-06,8.881784197001252e-16,0.0006117290031397715,1.360007223889688e-05,6
195,5.661000614054501e-06,1.6011864169946884e-15,0.000451382999017369,1.4819705112833002e-06,5
196,5.5920027079992e-06,2.220446049250313e-15,0.0006959040038054809,3.3550716621600627e-06,7
197,5.702000635210425e-06,0.0,0.0005828790017403662,2.528368364678634e-07,6
198,5.690002581104636e-06,0.0,0.0005244089988991618,6.148660607445006e-07,6
199,6.16600300418213e-06,0.0,0.0007913139997981489,2.2670405779751365e-05,8
200,1.2720003724098206e-05,1.9860273225978185e-15,0.0006606219976674765,7.271699345806112e-06,7
201,9.749200398800895e-05,8.035508653886717,0.0009185960007016547,1.6612377127714492e-07,10
202,7.52799678593874e-06,1.3322676295501878e-15,0.0008006089992704801,3.2486653396188627e-07,6
203,6.507994839921594e-06,1.1102230246251565e-16,0.012505808997957502,1.4019759000026448,150
204,6.134003342594951e-06,1.6653345369377348e-15,0.0011788749980041757,3.4774721837834666e-05,12
205,6.174996087793261e-06,1.2560739669470201e-15,0.0005923419957980514,9.481194153791176e-06,6
206,6.968002708163112e-06,0.0,0.0006646559995715506,8.173767175028128e-06,7
207,6.226000550668687e-06,1.4043333874306805e-15,0.0007102180024958216,2.662461466413817e-07,8
208,5.721994966734201e-06,9.930136612989092e-16,0.0127612450014567,0.1016845502466088,150
209,5.705995135940611e-06,9.930136612989092e-16,0.013191634003305808,0.7051046290874565,150
210,5.871996108908206e-06,0.0,0.0008418229990638793,2.007027639648753e-06,7
211,6.89500302542001e-06,8.881784197001252e-16,0.0008887520016287453,2.7555857253618132e-06,8
212,6.333000783342868e-06,2.220446049250313e-16,0.0005114779996802099,6.404524096953592e-06,5
213,5.509995389729738e-06,4.440892098500626e-16,0.013276541998493485,2.7042866385904363,150
214,5.81399945076555e-06,0.0,0.0008219379960792139,4.4267714548620545e-07,8
215,5.909001629333943e-06,8.886119947416683e-16,0.0013567759961006232,8.593266014349432e-05,15
216,4.142800025874749e-05,0.0,0.0005493540011229925,2.148718905910405e-06,5
217,6.739996024407446e-06,1.7763568394002505e-15,0.0007697760011069477,4.929872096026603e-07,7
218,6.319001840893179e-06,9.155133597044475e-16,0.0013483930015354417,4.5048305716861263e-05,14
219,6.842004950158298e-06,8.881784197001252e-16,0.0006678170029772446,2.91359493349241e-06,6
220,6.0069942264817655e-06,0.0,0.0009695400003693067,6.945791959307539e-05,9
221,5.9019948821514845e-06,2.5121479338940403e-15,0.0006691240050713532,1.1826952945475576e-05,7
222,6.848200428066775e-05,15.347172363429843,0.0011528320028446615,4.425198423286343e-06,11
223,7.0309979491867125e-06,0.0,0.0006759060051990673,8.874657644356566e-06,7
224,6.895999831613153e-06,1.4043333874306805e-15,0.0006274499974097125,1.0441498740596804e-06,7
225,6.251997547224164e-06,4.440892098500626e-16,0.0007860900004743598,8.054434653952966e-06,7
226,6.166999810375273e-06,4.440892098500626e-16,0.002456563997839112,9.365297177239372e-05,25
227,5.831003363709897e-06,0.0,0.013358969998080283,0.9013690930212316,150
228,6.294998456723988e-06,9.930136612989092e-16,0.0006757989976904355,1.9733568592078693e-05,7
229,6.181006028782576e-06,0.0,0.0004614360004779883,9.196226127367302e-06,5
230,7.895399903645739e-05,12.022185845308238,0.0009020910001709126,3.774769047815521e-06,10
231,6.463000318035483e-06,9.930136612989092e-16,0.000390141001844313,1.0953782732936162e-05,4
232,5.8919977163895965e-06,9.155133597044475e-16,0.013503451002179645,2.7625246237155983,150
233,6.214999302756041e-06,1.9860273225978185e-15,0.0006714970004395582,5.09812348385714e-05,7
234,5.975998647045344e-06,1.3322676295501878e-15,0.00038755700370529667,9.618403646618577e-05,4
235,5.893001798540354e-06,1.9860273225978185e-15,0.0005854310002177954,8.140363942646015e-07,6
236,5.878995580133051e-06,0.0,0.0006704789993818849,8.107532892874505e-06,7
237,5.781002982985228e-06,4.440892098500626e-16,0.0007048120023682714,2.807724203107619e-06,8
238,6.175003363750875e-06,0.0,0.0005855490016983822,7.170687305992349e-06,6
239,5.790003342553973e-06,0.0,0.013346651998290326,4.808544583681884,150
240,5.627000064123422e-06,9.155133597044475e-16,0.013698998001927976,3.1628668034858403,150
241,5.956993845757097e-06,0.0,0.0007155849962146021,5.779993046529425e-07,7
242,5.838999641127884e-06,2.5121479338940403e-15,0.0011837219935841858,3.193442318672735e-05,12
243,5.945003067608923e-06,1.7763568394002505e-15,0.0011413540050853044,9.283341982232045e-05,13
244,1.8028003978542984e-05,0.0,0.0005100209964439273,3.8118922489227684e-06,5
245,5.736997991334647e-06,4.440892098500626e-16,0.0008212480024667457,6.615043203752629e-05,9
246,5.446003342512995e-06,3.3306690738754696e-16,0.013857561003533192,3.7081349608673486,150
247,6.713999027851969e-06,4.440892098500626e-16,0.0006637670012423769,9.344715055561652e-07,7
248,5.649999366141856e-06,1.9860273225978185e-15,0.0006576480009243824,6.399119660647607e-05,7
249,5.808004061691463e-06,4.440892098500626e-16,0.0006102719999034889,1.576451062403391e-06,5
250,5.547997716348618e-06,4.440892098500626e-16,0.0006545009964611381,1.4669827554507455e-06,7
251,6.4820051193237305e-06,9.930136612989092e-16,0.0005170609947526827,5.0969207121104995e-05,5
252,6.033995305188e-06,0.0,0.0005418159998953342,4.279313746668296e-06,5
253,5.833004252053797e-06,0.0,0.00046501400356646627,3.527361929489721e-05,5
254,6.640500214416534e-05,11.209306725819072,0.0011165030009578913,6.8537155564739965e-06,11
255,6.663001840934157e-06,0.0,0.013128619000781327,3.439423959282073,150
256,6.445996405091137e-06,0.0,0.0007511639996664599,5.751692813889778e-05,8
257,6.141999620012939e-06,0.0,0.0007404280040645972,4.0678903737374135e-06,8
258,6.041002052370459e-06,0.0,0.0007507289992645383,2.865859225608883e-06,8
259,6.207999831531197e-06,0.0,0.0007079530041664839,5.9379109351286674e-05,6
260,5.807996785733849e-06,9.930136612989092e-16,0.0007256349999806844,8.383064496622315e-07,8
261,6.157002644613385e-06,1.1102230246251565e-15,0.0005238540034042671,4.469614655688877e-06,5
262,5.816997145302594e-06,0.0,0.000923321997106541,7.116427954293243e-05,9
263,5.703004717361182e-06,8.881784197001252e-16,0.0008552020008210093,8.619805765030748e-06,9
264,5.766996764577925e-06,8.881784197001252e-16,0.00046314599603647366,1.8715901559795897e-05,5
265,1.821100158849731e-05,4.440892098500626e-16,0.013349838001886383,1.7357671599295508,150
266,6.189002306200564e-06,0.0,0.0004628450042218901,1.4941946905818498e-05,5
267,5.622001481242478e-06,2.220446049250313e-16,0.013423297001281753,3.794411626273357,150
268,5.959002010058612e-06,8.881784197001252e-16,0.0007402920018648729,2.903905896600195e-05,6
269,6.112000846769661e-06,0.0,0.0006015839971951209,2.7206608662099173e-05,6
270,6.763800047338009e-05,9.256242464503663,0.0013227050003479235,5.690982081026234e-07,11
271,6.550995749421418e-06,0.0,0.0007063129960442893,2.4955695622614254e-07,6
272,6.126007065176964e-06,4.440892098500626e-16,0.0005065899968030863,4.3997070145117456e-05,5
273,6.519003363791853e-06,1.2560739669470201e-15,0.0008396569974138401,9.382209219782269e-06,8
274,5.993002559989691e-06,0.0,0.01248110699816607,3.273683351975655,150
275,6.2489998526871204e-06,9.930136612989092e-16,0.0005149860007804818,9.001952630373928e-07,5
276,5.902998964302242e-06,1.3322676295501878e-15,0.0008755530070629902,3.6883559165569685e-06,9
277,5.877001967746764e-06,8.881784197001252e-16,0.0009529130038572475,8.970509084410914e-06,11
278,6.30300201009959e-06,4.440892098500626e-16,0.0007364820048678666,6.335805646373817e-06,8
279,5.827001587022096e-06,4.440892098500626e-16,0.0005660129972966388,8.626455846045872e-06,4
280,6.205002136994153e-06,9.485749680535094e-16,0.00035715500416699797,8.025915237050054e-05,3
281,7.080998329911381e-06,8.881784197001252e-16,0.0005254540010355413,1.1239619531419913e-07,6
282,6.319001840893179e-06,0.0,0.0004962540042470209,4.629504462290707e-07,5
283,5.870999302715063e-06,0.0,0.012685528003203217,2.3510815955814492,150
284,6.727997970301658e-06,8.881784197001252e-16,0.0004893000004813075,8.168922488358598e-05,5
285,6.007998308632523e-06,1.831026719408895e-15,0.013212531004683115,0.6256588414618777,150
286,8.351800352102146e-05,14.854970396305115,0.0009528209993732162,1.440611781187669e-05,10
287,6.896099512232468e-05,10.674438422430745,0.0009014469978865236,2.0296943572057206e-05,10
288,7.431997801177204e-06,1.7763568394002505e-15,0.0007236940000439063,1.930508184451497e-07,7
289,6.555004802066833e-06,1.2560739669470201e-15,0.0006638129998464137,3.1380887166845333e-06,7
290,6.269998266361654e-06,0.0,0.0006032119999872521,9.755356686683282e-06,7
291,6.566006049979478e-06,9.930136612989092e-16,0.0005708930038963445,2.293347383851947e-05,5
292,6.197005859576166e-06,1.3322676295501878e-15,0.0008410570007981732,4.698459387401368e-06,7
293,6.642003427259624e-06,0.0,0.0005284599974402227,9.028688207591732e-06,6
294,6.055997801013291e-06,1.3322676295501878e-15,0.00042907000170089304,4.55174853593556e-06,4
295,5.87699469178915e-06,0.0,0.000445618003141135,1.2856520652677078e-06,5
296,6.0349993873387575e-06,0.0,0.0005082740026409738,2.9844998242716204e-06,5
297,6.215996108949184e-06,8.881784197001252e-16,0.0008063169952947646,8.268021989781546e-07,8
298,5.918998795095831e-06,0.0,0.0006240150032681413,4.6403337817339995e-05,7
299,6.165006197988987e-06,8.881784197001252e-16,0.0006627420007134788,1.4265059776651915e-05,7
300,3.969299723394215e-05,4.440892098500626e-16,0.0011015580021194182,9.087321414813253e-05,12
301,6.2870021793060005e-06,4.440892098500626e-16,0.0005068019963800907,2.031900128870113e-06,5
302,5.904003046452999e-06,1.6011864169946884e-15,0.0005264390056254342,8.07866544397967e-05,6
303,6.8440058385021985e-06,0.0,0.0005976609973004088,2.9973812472319353e-07,5
304,6.251000741031021e-06,8.881784197001252e-16,0.0006531020044349134,2.177545978558962e-07,7
305,5.761998181696981e-06,8.881784197001252e-16,0.0009809240000322461,4.926028827083692e-05,7
306,6.1060054576955736e-06,4.440892098500626e-16,0.0007199450046755373,1.360725484844708e-07,8
307,5.727000825572759e-06,0.0,0.0005338760020094924,5.040070469031719e-07,5
308,5.707996024284512e-06,0.0,0.0005088630059617572,9.186918140703456e-06,5
309,5.948997568339109e-06,0.0,0.0005953889994998462,3.197335259876486e-07,5
310,5.791000148747116e-06,0.0,0.0010003450006479397,6.830757303760564e-07,9
311,7.07869985490106e-05,12.88660619421673,0.0013842510015820153,9.94965686454084e-07,11
312,7.3310002335347235e-06,9.930136612989092e-16,0.0005555280004045926,1.1087229542350727e-06,6
313,8.14360028016381e-05,7.4728914858787885,0.0009832260038820095,4.115463278758409e-06,11
314,6.9640009314753115e-06,4.440892098500626e-16,0.002606633999675978,9.56972598226463e-05,30
315,6.105998181737959e-06,8.881784197001252e-16,0.000572176999412477,8.539540045325227e-06,6
316,5.993002559989691e-06,0.0,0.0008526970050297678,6.177391085301386e-05,10
317,1.8546001228969544e-05,4.440892098500626e-16,0.000742458003514912,1.6984153095633325e-06,8
318,6.357004167512059e-06,8.881784197001252e-16,0.0005059120012447238,2.322749412755521e-06,5
319,6.527400546474382e-05,5.733689007869617,0.0009450979996472597,8.411715734765039e-07,10
320,6.54099858365953e-06,1.2560739669470201e-15,0.012484359001973644,0.8940510455011235,150
321,6.447997293435037e-06,0.0,0.0005917359958402812,2.3811162674671923e-05,6
322,6.169997504912317e-06,8.881784197001252e-16,0.0006523870033561252,1.3235723615526555e-05,7
323,7.174996426329017e-06,1.2212453270876722e-15,0.00032885000109672546,2.7873480306271713e-05,3
324,6.426998879760504e-06,8.881784197001252e-16,0.00044656800309894606,3.372761919414986e-05,5
325,5.937006790190935e-06,0.0,0.012605260002601426,0.9402814653078554,150
326,6.119000317994505e-06,2.220446049250313e-16,0.000621669998508878,8.698226154479838e-05,6
327,6.0449965531006455e-06,8.881784197001252e-16,0.0005238340017967857,2.3547683171789607e-06,6
328,6.274996849242598e-06,2.6645352591003757e-15,0.0006574500002898276,1.789164925970127e-05,7
329,5.607995262835175e-06,8.95090418262362e-16,0.012619225999515038,2.632810649967045,150
330,5.941001290921122e-06,1.3322676295501878e-15,0.0006213509986991994,2.611085638410118e-07,7
331,5.781002982985228e-06,1.2560739669470201e-15,0.0005750790005549788,6.66960050947204e-05,6
332,5.911999323870987e-06,0.0,0.0004180979958618991,4.690817480281025e-05,4
333,5.526002496480942e-06,1.1102230246251565e-16,0.013546450005378574,0.6632319492581459,150
334,5.880996468476951e-06,1.2560739669470201e-15,0.0010627680021570995,2.228556061074528e-05,11
335,6.132999260444194e-06,6.661338147750939e-16,0.0006783199933124706,1.734490479162704e-05,7
336,5.713998689316213e-06,0.0,0.012993811003980227,3.4753849218771062,150
337,6.12599978921935e-06,0.0,0.0007538100035162643,3.583888172086132e-06,8
338,6.328999006655067e-06,4.440892098500626e-16,0.0004113969989703037,4.864176583006354e-06,4
339,6.0349993873387575e-06,0.0,0.00066186399635626,1.1919019606079906e-06,7
340,6.417998520191759e-06,0.0,0.0010012809943873435,2.2744751923617186e-05,10
341,6.266003765631467e-06,9.930136612989092e-16,0.0008153500020853244,3.078354696806306e-05,9
342,6.18400372331962e-06,0.0,0.0006000940047670156,1.5280045470578522e-06,7
343,6.3589977798983455e-06,9.155133597044475e-16,0.0006540999966091476,4.4850800160178174e-07,5
344,6.381000275723636e-06,0.0,0.0006564409995917231,2.0545589119753715e-06,6
345,5.697002052329481e-06,8.881784197001252e-16,0.000603149994276464,2.6750102516381388e-06,7
346,5.482004780787975e-06,4.440892098500626e-16,0.012817159004043788,4.321716346778466,150
347,5.752001015935093e-06,0.0,0.0006068330039852299,1.476906542603025e-06,6
348,5.8200021157972515e-06,2.220446049250313e-16,0.0005261709957267158,5.541846881830358e-07,6
349,5.795001925434917e-06,8.881784197001252e-16,0.0005088850011816248,4.704652865625548e-06,5
350,5.900998075958341e-06,0.0,0.0008935350051615387,1.657703652215305e-05,7
351,6.027999916113913e-06,4.440892098500626e-16,0.00037515699659707025,3.732225625913716e-05,4
352,5.8299992815591395e-06,1.1102230246251565e-15,0.000429729996540118,8.33468893294267e-06,4
353,6.4159976318478584e-06,4.440892098500626e-16,0.0006793470020056702,2.1318394497615655e-07,8
354,6.066002242732793e-06,4.440892098500626e-16,0.0004612619959516451,2.9446390009082736e-07,5
355,6.009999196976423e-06,1.3506446028928519e-15,0.0006427100015571341,4.431683715548497e-06,7
356,6.0060046962462366e-06,0.0,0.0006042840032023378,3.77097463252385e-07,7
357,6.1489990912377834e-06,1.7763568394002505e-15,0.0007733100064797327,1.6318182200400443e-05,8
358,6.1680038925260305e-06,0.0,0.0014160199934849516,9.958224927050419e-05,15
359,6.693997420370579e-06,1.3322676295501878e-15,0.0005308820036589168,4.401428183693803e-05,6
360,5.9300000430084765e-06,0.0,0.0006457050039898604,1.685739565780543e-05,7
361,5.852998583577573e-06,0.0,0.012590899998031091,0.6929616033086716,150
362,5.816000339109451e-06,9.930136612989092e-16,0.012533121996966656,0.45852740438392275,150
363,5.797999619971961e-06,4.440892098500626e-16,0.0005646869976771995,2.014062580911472e-05,5
364,9.703599789645523e-05,13.284622042693908,0.0011743060022126883,3.926170697518683e-05,10
365,6.499799928860739e-05,5.705776838901009,0.0008727269960218109,4.783687496741621e-06,10
366,6.551000114995986e-05,5.732785466169139,0.0008470629982184619,2.4167557364565472e-05,9
367,7.219998224172741e-06,0.0,0.0006012860030750744,2.6998519616645675e-05,7
368,6.407994078472257e-06,8.881784197001252e-16,0.0007329090003622696,1.5090181823999934e-05,8
369,6.353002390824258e-06,1.6011864169946884e-15,0.0006393910007318482,4.142026499404702e-06,7
370,6.474998372141272e-06,8.881784197001252e-16,0.002551947000029031,9.648330111919603e-05,31
371,5.709000106435269e-06,1.7763568394002505e-15,0.0008966410023276694,1.3108437711151755e-05,7
372,5.898997187614441e-06,8.881784197001252e-16,0.0006273909966694191,2.8580129018586285e-06,7
373,5.914000212214887e-06,1.1102230246251565e-15,0.0003705080016516149,1.206932365678937e-06,4
374,5.761998181696981e-06,1.7763568394002505e-15,0.0007293410017155111,4.682108057355719e-06,8
375,5.6680000852793455e-06,0.0,0.0005742709981859662,3.113749243448938e-05,6
376,6.050999218132347e-06,9.930136612989092e-16,0.0004516650005825795,2.6697466367160292e-05,5
377,8.198200521292165e-05,0.0,0.0005796530022053048,1.9486357272634575e-05,6
378,6.669004505965859e-06,0.0,0.0006728869993821718,1.9335637339147153e-07,7
379,6.132999260444194e-06,1.6011864169946884e-15,0.0005280420009512454,8.341814959575901e-07,6
380,6.259004294406623e-06,8.881784197001252e-16,0.0008964750013547018,5.3256541434982035e-06,9
381,6.007998308632523e-06,0.0,0.0006847250042483211,3.7142966396147396e-07,7
382,5.856003554072231e-06,0.0,0.001022159995045513,6.855187427390444e-05,12
383,5.835994670633227e-06,4.440892098500626e-16,0.0007842340055503882,4.257817834277872e-07,7
384,5.430003511719406e-06,2.220446049250313e-16,0.012555043002066668,0.3430634973262576,150
385,5.745998350903392e-06,0.0,0.0007448449978255667,2.9987664024781547e-07,8
386,5.987996701151133e-06,0.0,0.0005239149977569468,7.09149800947475e-05,4
387,5.918998795095831e-06,8.005932084973442e-16,0.0006117060038377531,1.5912082866536637e-06,7
388,2.3836000764276832e-05,0.0,0.0006571920021087863,2.4279246113392418e-05,7
389,6.139001925475895e-06,1.3322676295501878e-15,0.00064233999728458,7.629846651323529e-05,7
390,2.3889995645731688e-05,2.3914935841127266e-15,0.0008851689999573864,2.6592856488610223e-06,8
391,6.0730017139576375e-06,1.2560739669470201e-15,0.0003027420025318861,6.714077752243143e-05,3
392,6.594003934878856e-06,4.440892098500626e-16,0.0006596089951926842,2.0704402757647075e-06,7
393,6.025999027770013e-06,6.280369834735101e-16,0.0006023210007697344,4.07688008343222e-06,7
394,5.683999916072935e-06,2.220446049250313e-15,0.001116061997890938,1.282768751943676e-05,12
395,6.3970001065172255e-06,8.881784197001252e-16,0.0009742049951455556,3.077907469103761e-05,10
396,6.294998456723988e-06,8.881784197001252e-16,0.013113452994730324,2.2733607356462393,150
397,6.429996574297547e-06,1.2560739669470201e-15,0.0005634640037897043,5.305381805402555e-06,6
398,5.857997166458517e-06,8.881784197001252e-16,0.0006635169993387535,6.272354976593401e-06,7
399,6.102003681007773e-06,8.881784197001252e-16,0.00037265299761202186,1.0930666440188294e-06,4
400,5.648995283991098e-06,0.0,0.013636969997605775,1.2826167690928791,150
401,5.851994501426816e-06,0.0,0.0008452320034848526,3.00991764147743e-07,8
402,6.305999704636633e-06,1.9860273225978185e-15,0.0007606759972986765,8.451225352751831e-05,8
403,0.00010166300489800051,8.647381681951074,0.0009009040004457347,2.5709043816982846e-06,10
404,8.032400364754722e-05,7.095716854590749,0.0009744979979586788,7.181463590214935e-07,11
405,7.212001946754754e-06,1.2560739669470201e-15,0.0003054629996768199,1.4758431769844008e-05,3
406,6.597998435609043e-06,8.881784197001252e-16,0.0003827859982266091,3.652538521864929e-06,4
407,6.324000423774123e-06,1.2560739669470201e-15,0.0006626690010307357,4.628781209222133e-06,7
408,6.080997991375625e-06,9.930136612989092e-16,0.000672652997309342,3.6955644249209158e-06,7
409,5.788002454210073e-06,0.0,0.012857850000727922,4.939423689212068,150
410,6.36799813946709e-06,1.2560739669470201e-15,0.00037975000304868445,9.848598102544412e-05,4
411,6.046000635251403e-06,8.881784197001252e-16,0.0005685309952241369,2.1664110885194017e-05,6
412,5.8060031733475626e-06,9.930136612989092e-16,0.012566046003485098,0.8811885719481998,150
413,6.0780002968385816e-06,0.0,0.0006723430051351897,5.846644424373631e-06,7
414,8.804100070847198e-05,13.704526197514744,0.0012081399981980212,1.6435839464371247e-05,10
415,6.8020017351955175e-06,8.881784197001252e-16,0.00080942599743139,4.480374656332247e-05,9
416,6.251000741031021e-06,8.881784197001252e-16,0.0005644400007440709,3.0473772051099093e-06,6
417,6.039001164026558e-06,0.0,0.012879336994956248,4.737298496865245,150
418,5.972004146315157e-06,9.930136612989092e-16,0.01289256000018213,2.159256905489512,150
419,6.634000601479784e-05,4.971812014692252,0.0009765649956534617,1.431922810500909e-06,11
420,6.841997674200684e-06,0.0,0.0036614839991671033,9.781336151304226e-05,41
421,6.251000741031021e-06,1.2560739669470201e-15,0.0004295210019336082,5.383230890036078e-05,4
422,6.145004590507597e-06,1.1102230246251565e-15,0.0006195130044943653,4.237514985044156e-05,4
423,5.885995051357895e-06,0.0,0.0007517170015489683,4.294035062795655e-05,9
424,6.118003511801362e-06,4.440892098500626e-16,0.0005799819991807453,1.0103592977197332e-07,6
425,6.1589962569996715e-06,6.661338147750939e-16,0.0004438440009835176,1.4274313776680048e-06,5
426,5.887995939701796e-06,1.2560739669470201e-15,0.0005808959977002814,1.4678986503121895e-05,6
427,6.072004907764494e-06,0.0,0.000649966998025775,1.7460943771008676e-05,6
428,5.793001037091017e-06,0.0,0.0004460599957383238,2.461426497292935e-05,5
429,5.573994712904096e-06,0.0,0.01320826199662406,3.9034747192356494,150
430,5.4490010370500386e-06,0.0,0.012611632002517581,0.5533196635286676,150
431,5.697998858522624e-06,0.0,0.0013242540007922798,4.2065601533521796e-05,13
432,5.81399945076555e-06,1.88411095042053e-15,0.0007014399961917661,1.7767272841127775e-07,8
433,1.9947998225688934e-05,4.440892098500626e-16,0.0005819419966428541,2.4811066056592e-05,6
434,6.175003363750875e-06,2.220446049250313e-15,0.00120402700122213,6.06042226710232e-06,10
435,5.8299992815591395e-06,1.2560739669470201e-15,0.0008428549990640022,1.5918411686769436e-06,8
436,5.718997272197157e-06,8.881784197001252e-16,0.00045251099800225347,1.701896017106609e-05,5
437,6.638100603595376e-05,8.021718168576035,0.000860424006532412,1.555290512978002e-06,10
438,6.7159999161958694e-06,4.440892098500626e-16,0.0005191620002733544,2.6843714307227117e-05,5
439,6.062997272238135e-06,0.0,0.0005830910013173707,3.733076616015148e-06,6
440,6.052003300283104e-06,4.440892098500626e-16,0.0006416289979824796,7.614849209413557e-05,7
441,6.213995220605284e-06,1.7763568394002505e-15,0.00044927300041308627,3.990717131007521e-05,4
442,6.119000317994505e-06,2.220446049250313e-16,0.0007592549955006689,7.083236794440008e-07,7
443,5.822003004141152e-06,2.220446049250313e-16,0.00037535999581450596,3.712395824660954e-05,4
444,5.851994501426816e-06,8.881784197001252e-16,0.0006637379992753267,1.602046039837493e-06,7
445,5.813002644572407e-06,6.280369834735101e-16,0.0006040259977453388,2.5568731378227137e-06,7
446,5.713998689316213e-06,1.1102230246251565e-15,0.0008090859992080368,5.9278285298646826e-05,5
447,5.590998625848442e-06,0.0,0.0005997379994369112,1.5193235650934826e-06,6
448,5.8200021157972515e-06,0.0,0.0005266549997031689,7.456901663310631e-05,6
449,5.5729979067109525e-06,6.661338147750939e-16,0.0008764369995333254,8.758191744565832e-06,10
450,5.702997441403568e-06,1.6011864169946884e-15,0.0007627499944646843,7.03385384069816e-05,6
451,5.8299992815591395e-06,8.881784197001252e-16,0.000584071000048425,1.3866236137368728e-05,5
452,5.765999958384782e-06,0.0,0.000765389995649457,1.2676049769984187e-07,7
453,5.729001713916659e-06,1.2560739669470201e-15,0.0006066599962650798,4.8337497288670496e-05,7
454,5.765999958384782e-06,6.661338147750939e-16,0.0005798319980385713,2.6994328356194054e-05,4
455,5.506997695192695e-06,2.220446049250313e-16,0.013541076994442847,5.1060547431770305,150
456,5.8730001910589635e-06,1.1102230246251565e-15,0.0006518040027003735,3.0287861375705204e-06,6
457,6.0399979702197015e-06,1.3322676295501878e-15,0.013257078993774485,3.7749150748113958,150
458,5.827001587022096e-06,0.0,0.0004327059941715561,2.36688451692797e-06,4
459,5.879999662283808e-06,8.881784197001252e-16,0.0006618950064876117,5.469608340416353e-05,7
460,6.182999641168863e-06,1.2560739669470201e-15,0.0005494380020536482,7.031730933842352e-07,6
461,5.950001650489867e-06,1.2560739669470201e-15,0.0010606479991110973,6.14937308086915e-05,12
462,5.3530020522885025e-06,2.220446049250313e-16,0.01306629699683981,4.378604088004644,150
463,3.212400042684749e-05,2.6645352591003757e-15,0.000932266004383564,2.2896414934307754e-05,8
464,5.6399949244223535e-06,0.0,0.0005924349970882758,9.007566291879177e-05,6
465,5.5249984143301845e-06,1.2560739669470201e-15,0.000889606999407988,2.860433218266261e-06,9
466,5.213005351833999e-06,0.0,0.0008481530021526851,1.4570799141991679e-05,8
467,5.664995114784688e-06,4.440892098500626e-16,0.0007288620035978965,9.889082979908167e-05,8
468,5.2860050345771015e-06,4.440892098500626e-16,0.013347412997973152,4.92464033949686,150
469,5.716996383853257e-06,8.881784197001252e-16,0.000602440006332472,5.800780065935159e-06,6
470,5.629000952467322e-06,8.881784197001252e-16,0.0006152060013846494,2.5213549295347347e-05,7
471,5.77399623580277e-06,0.0,0.0007865280058467761,7.464656336157604e-07,8
472,5.731999408453703e-06,8.881784197001252e-16,0.00037180000072112307,2.5235726185203145e-05,4
473,5.866000719834119e-06,4.440892098500626e-16,0.0007051520005916245,1.9586792128488526e-07,8
474,5.620997399091721e-06,0.0,0.0007671630010008812,4.292953848040983e-07,8
475,5.761998181696981e-06,0.0,0.0006499509981949814,3.0327961812441828e-05,7
476,5.734000296797603e-06,1.1102230246251565e-15,0.0005265400031930767,1.410747042976602e-06,4
477,5.686000804416835e-06,9.155133597044475e-16,0.0006352880009217188,1.9517905651100593e-06,7
478,5.507004971150309e-06,0.0,0.012679719999141525,1.0729751776286438,150
479,5.5879936553537846e-06,2.2644195468014703e-15,0.0006882149973534979,1.0266035966937803e-05,8
480,1.0623996786307544e-05,1.6011864169946884e-15,0.0007546449996880256,1.5415808666885184e-06,8
481,2.9094997444190085e-05,2.220446049250313e-16,0.013573096002801321,5.402811238547669,150
482,5.87000249652192e-06,8.881784197001252e-16,0.000393983005778864,2.455688198920622e-05,4
483,5.759000487159938e-06,8.881784197001252e-16,0.0007406079967040569,4.9021111424578884e-05,8
484,5.8349978644400835e-06,0.0,0.0003827260006801225,8.385906004579417e-07,4
485,5.923000571783632e-06,8.881784197001252e-16,0.0008122440049191937,5.576709480237826e-07,9
486,5.37899904884398e-06,0.0,0.0007403350027743727,2.3176343242182335e-07,8
487,2.3653003154322505e-05,4.440892098500626e-16,0.000586014000873547,1.5838559987527235e-06,6
488,5.697002052329481e-06,9.930136612989092e-16,0.0005424360060715117,1.2283132923167646e-06,6
489,5.723995855078101e-06,9.930136612989092e-16,0.0006368790054693818,4.443618871048881e-06,6
490,5.6569988373667e-06,0.0,0.000382938000257127,6.186490445439746e-06,4
491,5.60099579161033e-06,0.0,0.0005066650046501309,6.044266979307295e-05,5
492,5.549001798499376e-06,0.0,0.0003823709994321689,2.9405659422715336e-05,4
493,5.667003279086202e-06,0.0,0.0005856689967913553,8.955471389155343e-05,5
494,5.599998985417187e-06,0.0,0.0007822519983164966,1.9352477492286433e-05,8
495,6.824004231020808e-06,0.0,0.000740178998967167,4.944803312711771e-07,8
496,5.897003575228155e-06,0.0,0.000693283996952232,3.0280212748396665e-07,8
497,6.080001185182482e-06,0.0,0.0006808010002714582,2.689012868606272e-05,7
498,5.665999196935445e-06,0.0,0.012595072999829426,3.522925190464012,150
499,5.966998287476599e-06,7.771561172376096e-16,0.0004542940005194396,2.4597075468020998e-05,5
